{
    "loss": 11.033073425292969,
    "accuracy": 0.5467625856399536
}